Name,Gender,Race,Birthday,Address,Telephone,Mobile,Email (real),Blood Type,Mother's Maiden Name,Occupation,Company Name,Company Size,Monthly Salary,Security Answer,Vehicle,Website,Favorite Color,Favorite Movie,Favorite Song,Favorite Book,Favorite Sports,Username,Password,Password after MD5,GUID,Register IP,Last Login IP,Security Question
Person 1 Martinez,Other,White,2/10/1990,"5140 Main St, City 66, State FL, 89454",445-963-2425,545-395-2945,person1@demo.com,O+,Lopez,Developer,Company 8,500+ employees,$7186,shadow,2016 Hyundai Elantra,www.mysite.com,Red,Inception,Let it Be (by The Beatles),1984 (by George Orwell),Handball,user1,123456,e4da3b7fbbce2345d7772b0674a318d5,20055709-2745-2187-5178-740386362190,150.99.43.64,40.85.216.2,What is your cat's name?
Person 2 Williams,Female,Asian,5/5/1988,"3229 Main St, City 29, State TX, 11548",851-691-2136,333-434-2321,person2@demo.com,O+,Davis,Scientist,Company 81,1-10 employees,$4101,whiskers,2018 Jeep Wrangler,www.randomsite.com,Brown,The Matrix,Bohemian Rhapsody (by Queen),Moby-Dick (by Herman Melville),Soccer,user2,welcome,e99a18c428cb38d5f260853678922e03,34635305-2811-1300-4527-545681420738,22.180.240.117,149.104.182.21,What is your cat's name?
Person 3 Lopez,Male,Hispanic,9/6/1984,"8012 High St, City 46, State IL, 44038",520-320-3635,544-380-2887,person3@test.com,B+,Anderson,Engineer,Company 40,51-200 employees,$4921,snowball,2018 Jeep Wrangler,www.active.com,Red,The Dark Knight,Like a Rolling Stone (by Bob Dylan),Catching Fire (The Hunger Games),Golf,user3,qwerty,5f4dcc3b5aa765d61d8327deb882cf99,82304960-8811-4280-7811-614146874999,146.164.33.213,204.113.148.125,What is your cat's name?
Person 4 Garcia,Female,White,11/3/1995,"5616 Cedar St, City 73, State OH, 86014",724-380-3963,573-304-8140,person4@demo.com,A-,Anderson,Teacher,Company 56,500+ employees,$3114,shadow,2019 Hyundai Elantra,www.mysite.com,Pink,Le professionnel(1981),I'm No Superman (Theme)(by Scrubs),Brave New World (by Aldous Huxley),Swimming,user4,qwerty,c4ca4238a0b923820dcc509a6f75849b,75562414-5046-9305-4634-598997856813,74.131.137.185,51.122.107.216,What is your cat's name?
Person 5 Jones,Other,Asian,4/21/1997,"2105 Elm St, City 10, State MI, 31115",847-744-9975,449-134-2291,person5@mail.com,A+,Wilson,Lawyer,Company 15,1-10 employees,$6754,buddy,2018 Jeep Wrangler,www.coolwebsite.com,Blue,The Godfather,Smells Like Teen Spirit (by Nirvana),The Lord of the Rings (by J.R.R. Tolkien),Basketball,user5,admin,c81e728d9d4c2f636f067f89cc14862c,34729098-9753-7901-3094-588844844139,32.222.56.208,23.173.237.71,What is your cat's name?
Person 6 Smith,Female,Mixed Race,9/20/1972,"8181 Maple St, City 75, State CA, 94974",504-406-6018,483-189-1386,person6@example.com,AB+,Martinez,Engineer,Company 12,500+ employees,$5393,tiger,2018 Ford F-150,www.active.com,Red,Fight Club,Like a Rolling Stone (by Bob Dylan),1984 (by George Orwell),Basketball,user6,uale4eiSh,a87ff679a2f3e71d9181a67b7542122c,31679261-2118-8581-1474-977148889614,223.223.233.120,71.61.18.240,What is your cat's name?
Person 7 Williams,Other,Asian,8/1/1974,"7239 Cedar St, City 9, State GA, 99855",670-910-8078,156-481-3327,person7@test.com,O-,Wilson,Accountant,Company 57,201-500 employees,$9261,boots,2011 Jeep Wrangler,www.active.com,Pink,Le professionnel(1981),Stairway to Heaven (by Led Zeppelin),The Lord of the Rings (by J.R.R. Tolkien),Tennis,user7,password1,c81e728d9d4c2f636f067f89cc14862c,21163841-5443-2180-7814-341677354150,62.109.180.143,125.186.6.25,What is your cat's name?
Person 8 Brown,Other,Asian,2/26/1971,"9872 Main St, City 2, State TX, 99786",466-464-8881,325-635-7682,person8@mail.com,AB+,Lopez,Doctor,Company 97,201-500 employees,$8144,whiskers,2012 Toyota Camry,www.bestsite.com,Green,The Godfather,Hey Jude (by The Beatles),Brave New World (by Aldous Huxley),Cycling,user8,123456,b1946ac92492d2347c6235b4d2611184,61370967-8920-5301-9159-203797128990,5.172.236.53,241.76.69.232,What is your cat's name?
Person 9 Johnson,Other,White,6/11/1979,"8946 Maple St, City 7, State TX, 71933",425-601-1646,544-682-3347,person9@test.com,O+,Wilson,Doctor,Company 47,11-50 employees,$6691,snowball,2017 Toyota Camry,www.mysite.com,Red,Le professionnel(1981),I'm No Superman (Theme)(by Scrubs),The Great Gatsby (by F. Scott Fitzgerald),Baseball,user9,qwerty,eccbc87e4b5ce2fe28308fd9f2a7baf3,16782894-9214-1092-6076-312644917030,88.9.76.212,174.235.185.137,What is your cat's name?
Person 10 Brown,Male,Native American,5/9/1995,"6031 Pine St, City 61, State IL, 24623",977-818-8774,331-244-1514,person10@demo.com,O+,Miller,Artist,Company 20,201-500 employees,$8995,buddy,2017 Ford F-150,www.randomsite.com,Purple,The Dark Knight,Like a Rolling Stone (by Bob Dylan),Harry Potter and the Sorcerer's Stone (by J.K. Rowling),Football,user10,letmein,a9340c31cd171b8d398585739ddf826e,62676322-8146-4582-5257-343126537949,154.3.207.250,102.191.3.211,What is your cat's name?
Person 11 Jones,Female,Mixed Race,11/3/1979,"6250 Pine St, City 17, State FL, 61922",724-854-9416,712-785-5951,person11@demo.com,B-,Davis,Artist,Company 77,500+ employees,$5164,shadow,2016 Chevrolet Malibu,www.personalblog.com,Yellow,The Shawshank Redemption,Like a Rolling Stone (by Bob Dylan),Harry Potter and the Sorcerer's Stone (by J.K. Rowling),Cycling,user11,letmein,b1946ac92492d2347c6235b4d2611184,68252646-2146-3965-5271-492076734870,232.64.56.235,113.57.46.235,What is your cat's name?
Person 12 Davis,Female,Hispanic,3/26/1982,"4720 Elm St, City 96, State OH, 16142",213-334-2677,235-761-8771,person12@demo.com,O-,Davis,Nurse,Company 38,11-50 employees,$8560,mittens,2016 Nissan Altima,www.facebook.com,Gold,Forrest Gump,Stairway to Heaven (by Led Zeppelin),To Kill a Mockingbird (by Harper Lee),Soccer,user12,welcome,098f6bcd4621d373cade4e832627b4f6,91239283-6030-4661-1401-294074577709,132.232.249.132,212.76.19.195,What is your cat's name?
Person 13 Johnson,Other,Hispanic,8/13/1990,"9937 Oak St, City 5, State CA, 15566",977-984-3361,687-204-5766,person13@mail.com,O+,Hernandez,Lawyer,Company 85,1-10 employees,$9184,tiger,2015 Hyundai Elantra,www.mainsite.com,Brown,The Shawshank Redemption,Stairway to Heaven (by Led Zeppelin),Moby-Dick (by Herman Melville),Soccer,user13,iloveyou,c81e728d9d4c2f636f067f89cc14862c,30746798-9648-5540-8321-290049822913,176.220.9.85,126.60.130.148,What is your cat's name?
Person 14 Johnson,Other,Middle Eastern,6/25/1980,"7854 Main St, City 40, State FL, 16609",588-837-5892,121-457-3610,person14@test.com,O+,Anderson,Developer,Company 89,11-50 employees,$9899,tiger,2011 Ford F-150,www.mysite.com,Purple,The Matrix,Hey Jude (by The Beatles),To Kill a Mockingbird (by Harper Lee),Swimming,user14,dragon,5f4dcc3b5aa765d61d8327deb882cf99,89899782-7221-4725-4244-795802806724,16.211.5.170,166.240.158.122,What is your cat's name?
Person 15 Martinez,Non-binary,Native American,7/19/1990,"3768 High St, City 14, State PA, 90120",372-498-6461,126-556-5848,person15@mail.com,A-,Martinez,Artist,Company 75,51-200 employees,$6567,shadow,2017 Jeep Wrangler,www.mainsite.com,Pink,The Matrix,Sweet Child O' Mine (by Guns N' Roses),1984 (by George Orwell),Football,user15,admin,a9340c31cd171b8d398585739ddf826e,41416285-5192-3826-3085-953109123357,118.23.64.253,17.155.211.208,What is your cat's name?
Person 16 Johnson,Male,Hispanic,8/9/1980,"2719 Maple St, City 93, State PA, 61236",513-978-1825,897-965-4778,person16@demo.com,A+,Rodriguez,Doctor,Company 58,201-500 employees,$8706,spot,2011 Ford F-150,www.randomsite.com,Purple,The Dark Knight,Hotel California (by Eagles),The Catcher in the Rye (by J.D. Salinger),Basketball,user16,password1,5f4dcc3b5aa765d61d8327deb882cf99,87710753-7664-7641-9274-791117967590,126.124.82.11,142.238.110.35,What is your cat's name?
Person 17 Williams,Non-binary,Mixed Race,12/25/1988,"7794 Pine St, City 5, State GA, 76808",614-339-8090,504-192-9651,person17@example.com,O+,Hernandez,Developer,Company 42,500+ employees,$3674,tiger,2018 Chevrolet Malibu,www.mysite.com,Red,Le professionnel(1981),Let it Be (by The Beatles),1984 (by George Orwell),Handball,user17,123456,5f4dcc3b5aa765d61d8327deb882cf99,39265751-2808-7722-7431-118458555886,197.112.193.13,215.158.161.218,What is your cat's name?
Person 18 Lopez,Female,Hispanic,4/22/1974,"3024 Pine St, City 9, State NC, 93134",183-123-7392,471-778-6626,person18@mail.com,AB-,Anderson,Developer,Company 9,500+ employees,$5312,mittens,2012 Jeep Wrangler,www.facebook.com,Red,The Shawshank Redemption,Smells Like Teen Spirit (by Nirvana),Moby-Dick (by Herman Melville),Handball,user18,welcome,a87ff679a2f3e71d9181a67b7542122c,26113452-7623-5826-4024-553537894437,225.228.134.68,28.178.35.165,What is your cat's name?
Person 19 Garcia,Non-binary,Native American,1/22/1985,"4126 Pine St, City 67, State OH, 36357",484-651-9843,262-760-2334,person19@demo.com,AB+,Rodriguez,Nurse,Company 67,11-50 employees,$5086,boots,2014 Jeep Wrangler,www.coolwebsite.com,Brown,The Shawshank Redemption,Sweet Child O' Mine (by Guns N' Roses),The Great Gatsby (by F. Scott Fitzgerald),Football,user19,iloveyou,b1946ac92492d2347c6235b4d2611184,44541373-3085-9682-8623-710859802631,167.96.233.215,228.175.214.251,What is your cat's name?
Person 20 Johnson,Non-binary,Black,2/12/1970,"4002 Main St, City 59, State FL, 35226",831-405-7395,630-632-8531,person20@test.com,AB+,Garcia,Teacher,Company 72,51-200 employees,$5488,spot,2016 Ford F-150,www.bestsite.com,Purple,The Dark Knight,Stairway to Heaven (by Led Zeppelin),Pride and Prejudice (by Jane Austen),Swimming,user20,password1,eccbc87e4b5ce2fe28308fd9f2a7baf3,89852847-3340-8823-1733-503089763397,146.20.92.46,66.225.90.252,What is your cat's name?
Person 21 Garcia,Other,Hispanic,8/11/1983,"6443 Main St, City 3, State TX, 72027",549-840-1715,538-977-9591,person21@demo.com,B+,Martinez,Developer,Company 19,1-10 employees,$7724,asswipe,2021 Hyundai Elantra,www.billing.com,Brown,The Godfather,Hey Jude (by The Beatles),Catching Fire (The Hunger Games),Basketball,user21,qwerty,eccbc87e4b5ce2fe28308fd9f2a7baf3,28505314-3153-1942-8646-456901623944,183.138.3.16,54.105.19.209,What is your cat's name?
Person 22 Johnson,Female,Middle Eastern,8/18/1979,"6069 Maple St, City 44, State IL, 58675",342-344-7839,816-200-4223,person22@example.com,B+,Wilson,Nurse,Company 66,201-500 employees,$7833,buddy,2015 Honda Civic,www.bestsite.com,Pink,The Dark Knight,Hey Jude (by The Beatles),Harry Potter and the Sorcerer's Stone (by J.K. Rowling),Soccer,user22,uale4eiSh,eccbc87e4b5ce2fe28308fd9f2a7baf3,71993632-6451-4731-1566-145321042360,131.230.29.54,30.98.243.108,What is your cat's name?
Person 23 Brown,Female,Mixed Race,8/4/1993,"9227 Main St, City 36, State OH, 12881",887-438-7530,928-342-9782,person23@test.com,O-,Miller,Lawyer,Company 6,51-200 employees,$3821,snowball,2014 Nissan Altima,www.mysite.com,Brown,The Dark Knight,Hotel California (by Eagles),Moby-Dick (by Herman Melville),Soccer,user23,monkey,a9340c31cd171b8d398585739ddf826e,14173055-4372-4288-5828-865446330501,198.253.14.125,204.3.175.63,What is your cat's name?
Person 24 Lopez,Female,Native American,4/13/1999,"1361 High St, City 91, State MI, 53284",557-546-7689,298-596-7009,person24@test.com,AB-,Lopez,Doctor,Company 49,51-200 employees,$7971,spot,2015 Toyota Camry,www.billing.com,Green,Forrest Gump,Smells Like Teen Spirit (by Nirvana),1984 (by George Orwell),Tennis,user24,password1,e99a18c428cb38d5f260853678922e03,19913139-5846-2501-4443-627119309789,108.238.94.205,41.163.87.46,What is your cat's name?
Person 25 Hernandez,Other,Native American,12/2/1972,"2185 High St, City 10, State IL, 52590",985-984-2779,184-870-5903,person25@demo.com,A+,Martinez,Nurse,Company 98,201-500 employees,$7134,fluffy,2020 Nissan Altima,www.billing.com,Yellow,The Godfather,Bohemian Rhapsody (by Queen),Brave New World (by Aldous Huxley),Basketball,user25,123456,c4ca4238a0b923820dcc509a6f75849b,53165825-7043-5013-4577-501907720430,158.209.63.161,65.87.127.73,What is your cat's name?
Person 26 Lopez,Male,Asian,10/20/1976,"9006 Cedar St, City 50, State OH, 25537",904-188-6531,253-952-5900,person26@example.com,B-,Clark,Loan Officer,Company 30,11-50 employees,$9021,tiger,2016 Jeep Wrangler,www.coolwebsite.com,Gold,Fight Club,I'm No Superman (Theme)(by Scrubs),Harry Potter and the Sorcerer's Stone (by J.K. Rowling),Basketball,user26,iloveyou,5f4dcc3b5aa765d61d8327deb882cf99,97275985-6241-6294-4881-793101242884,51.125.55.183,152.47.215.71,What is your cat's name?
Person 27 Johnson,Non-binary,White,1/25/1972,"1819 High St, City 80, State CA, 81564",831-136-5208,695-127-7542,person27@example.com,A+,Miller,Artist,Company 68,1-10 employees,$6030,whiskers,2010 Ford F-150,www.active.com,Orange,The Shawshank Redemption,Like a Rolling Stone (by Bob Dylan),The Lord of the Rings (by J.R.R. Tolkien),Golf,user27,dragon,c81e728d9d4c2f636f067f89cc14862c,92687828-8056-2596-5815-247621642338,110.192.3.187,77.72.240.108,What is your cat's name?
Person 28 Williams,Female,White,8/24/1986,"1265 Elm St, City 79, State OH, 56753",230-707-2711,774-594-5513,person28@mail.com,AB-,Wilson,Nurse,Company 92,51-200 employees,$8363,spot,2020 Hyundai Elantra,www.active.com,Black,The Matrix,Like a Rolling Stone (by Bob Dylan),The Catcher in the Rye (by J.D. Salinger),Basketball,user28,123456,c81e728d9d4c2f636f067f89cc14862c,75925531-4990-9133-9117-177672616666,22.9.20.87,103.213.62.203,What is your cat's name?
Person 29 Williams,Non-binary,Mixed Race,11/4/1971,"4571 Maple St, City 5, State GA, 97986",635-671-4948,428-906-7572,person29@mail.com,A-,Anderson,Artist,Company 51,1-10 employees,$4167,spot,2016 Honda Civic,www.payment.com,Brown,Fight Club,I'm No Superman (Theme)(by Scrubs),1984 (by George Orwell),Football,user29,iloveyou,c81e728d9d4c2f636f067f89cc14862c,12266798-2824-6719-4764-760333674315,144.122.6.122,23.151.24.87,What is your cat's name?
Person 30 Garcia,Male,Native American,11/4/1983,"7596 Elm St, City 63, State NY, 81767",691-107-2215,105-237-7425,person30@demo.com,O-,Miller,Lawyer,Company 43,500+ employees,$7822,asswipe,2014 Nissan Altima,www.mainsite.com,Purple,The Godfather,Smells Like Teen Spirit (by Nirvana),To Kill a Mockingbird (by Harper Lee),Soccer,user30,password1,eccbc87e4b5ce2fe28308fd9f2a7baf3,30568199-9528-1284-7879-893501654483,144.104.215.8,49.233.224.229,What is your cat's name?
Person 31 Lopez,Non-binary,White,10/6/1995,"5185 Main St, City 77, State PA, 39648",586-323-1819,950-150-5864,person31@mail.com,O+,Clark,Developer,Company 42,500+ employees,$9521,mittens,2013 Ford F-150,www.payment.com,Blue,The Godfather,Hey Jude (by The Beatles),1984 (by George Orwell),Basketball,user31,123456,e4da3b7fbbce2345d7772b0674a318d5,43105332-3129-1289-6836-918415044764,219.141.169.197,243.115.100.225,What is your cat's name?
Person 32 Hernandez,Male,Black,4/12/1989,"4533 Oak St, City 55, State IL, 94217",402-197-6736,231-761-3849,person32@demo.com,O+,Lopez,Developer,Company 45,1-10 employees,$7514,boots,2015 Honda Civic,www.bestsite.com,Gold,Forrest Gump,Imagine (by John Lennon),Catching Fire (The Hunger Games),Tennis,user32,iloveyou,a87ff679a2f3e71d9181a67b7542122c,33022560-4053-5747-1591-802074496881,3.120.170.115,116.57.121.86,What is your cat's name?
Person 33 Johnson,Male,Black,12/11/1995,"7011 Maple St, City 21, State PA, 85957",689-764-7743,384-661-4679,person33@test.com,B-,Hernandez,Scientist,Company 99,1-10 employees,$9834,boots,2013 Honda Civic,www.mainsite.com,Pink,Titanic,Bohemian Rhapsody (by Queen),1984 (by George Orwell),Football,user33,123456,c81e728d9d4c2f636f067f89cc14862c,79877009-9206-7592-6701-295712761115,244.211.69.195,196.106.229.128,What is your cat's name?
Person 34 Brown,Other,Native American,5/27/1993,"7051 Maple St, City 79, State FL, 22581",197-905-4035,999-206-8452,person34@demo.com,A+,Hernandez,Accountant,Company 89,1-10 employees,$6283,fluffy,2011 Honda Civic,www.mysite.com,Green,Pulp Fiction,Hotel California (by Eagles),The Catcher in the Rye (by J.D. Salinger),Basketball,user34,admin,c4ca4238a0b923820dcc509a6f75849b,16447252-5567-9831-1729-566904267609,119.37.200.26,234.40.56.111,What is your cat's name?
Person 35 Hernandez,Non-binary,Hispanic,7/12/1991,"1364 Elm St, City 3, State OH, 99724",373-851-5967,441-814-1085,person35@mail.com,O+,Clark,Artist,Company 94,201-500 employees,$5967,spot,2021 Nissan Altima,www.payment.com,Yellow,Le professionnel(1981),Stairway to Heaven (by Led Zeppelin),The Great Gatsby (by F. Scott Fitzgerald),Running,user35,dragon,b1946ac92492d2347c6235b4d2611184,52694331-6970-7877-9507-965707422772,41.7.121.143,133.117.190.250,What is your cat's name?
Person 36 Garcia,Non-binary,Mixed Race,10/7/1999,"1782 High St, City 62, State CA, 94567",404-909-3163,449-151-9370,person36@mail.com,AB+,Davis,Artist,Company 72,11-50 employees,$4066,buddy,2021 Nissan Altima,www.facebook.com,Purple,The Matrix,Smells Like Teen Spirit (by Nirvana),Moby-Dick (by Herman Melville),Basketball,user36,admin,a87ff679a2f3e71d9181a67b7542122c,77694113-6262-6643-6159-204276338338,194.175.169.88,216.6.241.139,What is your cat's name?
Person 37 Martinez,Non-binary,Hispanic,2/11/1978,"6280 Main St, City 39, State FL, 86696",726-535-9927,511-625-6895,person37@mail.com,O-,Martinez,Lawyer,Company 94,201-500 employees,$3789,tiger,2010 Hyundai Elantra,www.personalblog.com,Brown,The Godfather,Like a Rolling Stone (by Bob Dylan),1984 (by George Orwell),Running,user37,dragon,a87ff679a2f3e71d9181a67b7542122c,70518565-7099-3316-5131-911354064857,14.64.50.139,3.150.217.40,What is your cat's name?
Person 38 Smith,Other,Middle Eastern,12/12/1978,"7366 Maple St, City 16, State MI, 15238",366-481-3619,830-844-8891,person38@test.com,A-,Miller,Nurse,Company 13,11-50 employees,$7402,snowball,2018 Jeep Wrangler,www.coolwebsite.com,Gold,Pulp Fiction,I'm No Superman (Theme)(by Scrubs),Moby-Dick (by Herman Melville),Basketball,user38,welcome,e4da3b7fbbce2345d7772b0674a318d5,10058392-9792-8020-1045-802612355522,234.102.130.176,209.202.128.150,What is your cat's name?
Person 39 Williams,Other,Mixed Race,11/9/1990,"2066 Cedar St, City 50, State FL, 94463",886-575-8491,725-525-4794,person39@demo.com,O+,Miller,Developer,Company 13,11-50 employees,$3020,mittens,2015 Honda Civic,www.active.com,Gold,Forrest Gump,Hey Jude (by The Beatles),The Catcher in the Rye (by J.D. Salinger),Football,user39,welcome,c4ca4238a0b923820dcc509a6f75849b,18172017-7133-2596-7703-247668598491,241.250.124.105,206.44.144.48,What is your cat's name?
Person 40 Brown,Male,Native American,11/13/1989,"9795 Main St, City 21, State FL, 57036",440-473-9275,230-703-4821,person40@mail.com,A-,Hernandez,Developer,Company 67,51-200 employees,$6834,boots,2017 Ford F-150,www.personalblog.com,Pink,The Godfather,Like a Rolling Stone (by Bob Dylan),1984 (by George Orwell),Football,user40,password1,c4ca4238a0b923820dcc509a6f75849b,67584159-8829-5962-4468-206542640703,212.39.118.107,183.245.60.42,What is your cat's name?
Person 41 Davis,Non-binary,Black,10/6/1973,"1446 Main St, City 44, State CA, 67411",123-229-7465,489-478-7608,person41@example.com,B-,Rodriguez,Nurse,Company 44,51-200 employees,$8759,fluffy,2019 Ford F-150,www.mainsite.com,Gold,Titanic,Like a Rolling Stone (by Bob Dylan),Brave New World (by Aldous Huxley),Tennis,user41,monkey,a87ff679a2f3e71d9181a67b7542122c,89584079-5755-2103-5913-164466178848,68.99.103.136,139.252.210.243,What is your cat's name?
Person 42 Martinez,Other,White,1/23/1974,"1900 Pine St, City 26, State IL, 84947",179-667-8534,442-843-9668,person42@test.com,B+,Hernandez,Teacher,Company 31,11-50 employees,$3667,mittens,2016 Hyundai Elantra,www.payment.com,Pink,Fight Club,Hey Jude (by The Beatles),Harry Potter and the Sorcerer's Stone (by J.K. Rowling),Golf,user42,welcome,e4da3b7fbbce2345d7772b0674a318d5,11259638-2964-9660-5892-414950375157,144.231.138.231,17.219.250.164,What is your cat's name?
Person 43 Hernandez,Non-binary,Native American,8/5/1989,"8668 Pine St, City 87, State CA, 50432",396-414-2215,393-377-4094,person43@demo.com,O-,Lopez,Scientist,Company 87,500+ employees,$6915,whiskers,2014 Chevrolet Malibu,www.mainsite.com,Yellow,Titanic,Let it Be (by The Beatles),1984 (by George Orwell),Tennis,user43,admin,c4ca4238a0b923820dcc509a6f75849b,81755932-3242-7619-1598-676973083336,189.134.206.150,93.9.128.178,What is your cat's name?
Person 44 Williams,Female,Middle Eastern,3/22/1978,"9854 Oak St, City 69, State IL, 82131",190-932-6736,558-221-4267,person44@mail.com,B+,Miller,Lawyer,Company 16,11-50 employees,$9882,shadow,2011 Chevrolet Malibu,www.billing.com,Blue,The Godfather,Imagine (by John Lennon),Brave New World (by Aldous Huxley),Swimming,user44,qwerty,c81e728d9d4c2f636f067f89cc14862c,36242625-3896-4772-2514-947847731231,159.193.226.96,167.247.114.195,What is your cat's name?
Person 45 Smith,Female,Native American,4/23/1978,"7080 Maple St, City 87, State NC, 71170",522-443-7278,165-100-7941,person45@test.com,A+,Garcia,Artist,Company 44,1-10 employees,$3249,spot,2022 Nissan Altima,www.mysite.com,Yellow,Inception,Bohemian Rhapsody (by Queen),Moby-Dick (by Herman Melville),Football,user45,monkey,c81e728d9d4c2f636f067f89cc14862c,60747760-2288-5087-5382-148083455775,208.206.102.15,201.91.94.63,What is your cat's name?
Person 46 Hernandez,Female,Mixed Race,4/24/1975,"2859 Main St, City 20, State GA, 91754",459-759-4789,899-122-3916,person46@example.com,B-,Martinez,Loan Officer,Company 21,500+ employees,$6425,spot,2019 Ford F-150,www.mainsite.com,Yellow,The Dark Knight,Let it Be (by The Beatles),To Kill a Mockingbird (by Harper Lee),Swimming,user46,welcome,a9340c31cd171b8d398585739ddf826e,25516448-1851-9678-9951-993827489101,116.69.137.150,68.175.47.163,What is your cat's name?
Person 47 Johnson,Female,White,12/12/1977,"9033 Cedar St, City 19, State GA, 83182",592-529-5630,206-336-7501,person47@test.com,AB-,Garcia,Loan Officer,Company 100,201-500 employees,$8967,whiskers,2022 Honda Civic,www.billing.com,Gold,The Godfather,I'm No Superman (Theme)(by Scrubs),The Catcher in the Rye (by J.D. Salinger),Cycling,user47,welcome,a87ff679a2f3e71d9181a67b7542122c,73443342-2093-8398-7538-334414094966,77.206.165.152,219.132.38.32,What is your cat's name?
Person 48 Smith,Other,Middle Eastern,1/17/1986,"7935 Elm St, City 69, State NC, 40845",154-581-5081,190-609-3441,person48@demo.com,O+,Wilson,Developer,Company 42,51-200 employees,$4678,boots,2016 Jeep Wrangler,www.mainsite.com,Red,The Godfather,Sweet Child O' Mine (by Guns N' Roses),Moby-Dick (by Herman Melville),Golf,user48,dragon,e4da3b7fbbce2345d7772b0674a318d5,89918835-7775-8143-8693-783368678194,34.36.165.67,121.63.220.54,What is your cat's name?
Person 49 Williams,Male,Asian,6/7/1976,"7126 High St, City 19, State MI, 85593",671-188-5745,972-761-3543,person49@demo.com,AB+,Miller,Teacher,Company 71,201-500 employees,$3028,asswipe,2013 Nissan Altima,www.payment.com,Gold,Inception,Sweet Child O' Mine (by Guns N' Roses),To Kill a Mockingbird (by Harper Lee),Baseball,user49,uale4eiSh,e99a18c428cb38d5f260853678922e03,39263522-7958-1150-1032-996460734909,229.115.118.111,174.23.133.55,What is your cat's name?
Person 50 Garcia,Non-binary,Black,2/26/1977,"9842 Main St, City 72, State FL, 24286",434-204-7940,486-744-9490,person50@test.com,A-,Anderson,Engineer,Company 40,11-50 employees,$3626,buddy,2019 Honda Civic,www.mysite.com,Green,The Shawshank Redemption,Sweet Child O' Mine (by Guns N' Roses),1984 (by George Orwell),Handball,user50,admin,e99a18c428cb38d5f260853678922e03,17571440-6670-9644-8557-102774730840,17.81.172.45,145.205.54.251,What is your cat's name?
