Name,Gender,Race,Birthday,Address,Telephone,Mobile,Email (real),Blood Type,Mother's Maiden Name
Person 1 Martinez,Other,White,2/10/1990,"5140 Main St, City 66, State FL, 89454",445-963-2425,545-395-2945,person1@demo.com,O+,Lopez
Person 2 Williams,Female,Asian,5/5/1988,"3229 Main St, City 29, State TX, 11548",851-691-2136,333-434-2321,person2@demo.com,O+,Davis
Person 3 Lopez,Male,Hispanic,9/6/1984,"8012 High St, City 46, State IL, 44038",520-320-3635,544-380-2887,person3@test.com,B+,Anderson
Person 4 Garcia,Female,White,11/3/1995,"5616 Cedar St, City 73, State OH, 86014",724-380-3963,573-304-8140,person4@demo.com,A-,Anderson
Person 5 Jones,Other,Asian,4/21/1997,"2105 Elm St, City 10, State MI, 31115",847-744-9975,449-134-2291,person5@mail.com,A+,Wilson
Person 6 Smith,Female,Mixed Race,9/20/1972,"8181 Maple St, City 75, State CA, 94974",504-406-6018,483-189-1386,person6@example.com,AB+,Martinez
Person 7 Williams,Other,Asian,8/1/1974,"7239 Cedar St, City 9, State GA, 99855",670-910-8078,156-481-3327,person7@test.com,O-,Wilson
Person 8 Brown,Other,Asian,2/26/1971,"9872 Main St, City 2, State TX, 99786",466-464-8881,325-635-7682,person8@mail.com,AB+,Lopez
Person 9 Johnson,Other,White,6/11/1979,"8946 Maple St, City 7, State TX, 71933",425-601-1646,544-682-3347,person9@test.com,O+,Wilson
Person 10 Brown,Male,Native American,5/9/1995,"6031 Pine St, City 61, State IL, 24623",977-818-8774,331-244-1514,person10@demo.com,O+,Miller
Person 11 Jones,Female,Mixed Race,11/3/1979,"6250 Pine St, City 17, State FL, 61922",724-854-9416,712-785-5951,person11@demo.com,B-,Davis
Person 12 Davis,Female,Hispanic,3/26/1982,"4720 Elm St, City 96, State OH, 16142",213-334-2677,235-761-8771,person12@demo.com,O-,Davis
Person 13 Johnson,Other,Hispanic,8/13/1990,"9937 Oak St, City 5, State CA, 15566",977-984-3361,687-204-5766,person13@mail.com,O+,Hernandez
Person 14 Johnson,Other,Middle Eastern,6/25/1980,"7854 Main St, City 40, State FL, 16609",588-837-5892,121-457-3610,person14@test.com,O+,Anderson
Person 15 Martinez,Non-binary,Native American,7/19/1990,"3768 High St, City 14, State PA, 90120",372-498-6461,126-556-5848,person15@mail.com,A-,Martinez
Person 16 Johnson,Male,Hispanic,8/9/1980,"2719 Maple St, City 93, State PA, 61236",513-978-1825,897-965-4778,person16@demo.com,A+,Rodriguez
Person 17 Williams,Non-binary,Mixed Race,12/25/1988,"7794 Pine St, City 5, State GA, 76808",614-339-8090,504-192-9651,person17@example.com,O+,Hernandez
Person 18 Lopez,Female,Hispanic,4/22/1974,"3024 Pine St, City 9, State NC, 93134",183-123-7392,471-778-6626,person18@mail.com,AB-,Anderson
Person 19 Garcia,Non-binary,Native American,1/22/1985,"4126 Pine St, City 67, State OH, 36357",484-651-9843,262-760-2334,person19@demo.com,AB+,Rodriguez
Person 20 Johnson,Non-binary,Black,2/12/1970,"4002 Main St, City 59, State FL, 35226",831-405-7395,630-632-8531,person20@test.com,AB+,Garcia
Person 21 Garcia,Other,Hispanic,8/11/1983,"6443 Main St, City 3, State TX, 72027",549-840-1715,538-977-9591,person21@demo.com,B+,Martinez
Person 22 Johnson,Female,Middle Eastern,8/18/1979,"6069 Maple St, City 44, State IL, 58675",342-344-7839,816-200-4223,person22@example.com,B+,Wilson
Person 23 Brown,Female,Mixed Race,8/4/1993,"9227 Main St, City 36, State OH, 12881",887-438-7530,928-342-9782,person23@test.com,O-,Miller
Person 24 Lopez,Female,Native American,4/13/1999,"1361 High St, City 91, State MI, 53284",557-546-7689,298-596-7009,person24@test.com,AB-,Lopez
Person 25 Hernandez,Other,Native American,12/2/1972,"2185 High St, City 10, State IL, 52590",985-984-2779,184-870-5903,person25@demo.com,A+,Martinez
Person 26 Lopez,Male,Asian,10/20/1976,"9006 Cedar St, City 50, State OH, 25537",904-188-6531,253-952-5900,person26@example.com,B-,Clark
Person 27 Johnson,Non-binary,White,1/25/1972,"1819 High St, City 80, State CA, 81564",831-136-5208,695-127-7542,person27@example.com,A+,Miller
Person 28 Williams,Female,White,8/24/1986,"1265 Elm St, City 79, State OH, 56753",230-707-2711,774-594-5513,person28@mail.com,AB-,Wilson
Person 29 Williams,Non-binary,Mixed Race,11/4/1971,"4571 Maple St, City 5, State GA, 97986",635-671-4948,428-906-7572,person29@mail.com,A-,Anderson
Person 30 Garcia,Male,Native American,11/4/1983,"7596 Elm St, City 63, State NY, 81767",691-107-2215,105-237-7425,person30@demo.com,O-,Miller
Person 31 Lopez,Non-binary,White,10/6/1995,"5185 Main St, City 77, State PA, 39648",586-323-1819,950-150-5864,person31@mail.com,O+,Clark
Person 32 Hernandez,Male,Black,4/12/1989,"4533 Oak St, City 55, State IL, 94217",402-197-6736,231-761-3849,person32@demo.com,O+,Lopez
Person 33 Johnson,Male,Black,12/11/1995,"7011 Maple St, City 21, State PA, 85957",689-764-7743,384-661-4679,person33@test.com,B-,Hernandez
Person 34 Brown,Other,Native American,5/27/1993,"7051 Maple St, City 79, State FL, 22581",197-905-4035,999-206-8452,person34@demo.com,A+,Hernandez
Person 35 Hernandez,Non-binary,Hispanic,7/12/1991,"1364 Elm St, City 3, State OH, 99724",373-851-5967,441-814-1085,person35@mail.com,O+,Clark
Person 36 Garcia,Non-binary,Mixed Race,10/7/1999,"1782 High St, City 62, State CA, 94567",404-909-3163,449-151-9370,person36@mail.com,AB+,Davis
Person 37 Martinez,Non-binary,Hispanic,2/11/1978,"6280 Main St, City 39, State FL, 86696",726-535-9927,511-625-6895,person37@mail.com,O-,Martinez
Person 38 Smith,Other,Middle Eastern,12/12/1978,"7366 Maple St, City 16, State MI, 15238",366-481-3619,830-844-8891,person38@test.com,A-,Miller
Person 39 Williams,Other,Mixed Race,11/9/1990,"2066 Cedar St, City 50, State FL, 94463",886-575-8491,725-525-4794,person39@demo.com,O+,Miller
Person 40 Brown,Male,Native American,11/13/1989,"9795 Main St, City 21, State FL, 57036",440-473-9275,230-703-4821,person40@mail.com,A-,Hernandez
Person 41 Davis,Non-binary,Black,10/6/1973,"1446 Main St, City 44, State CA, 67411",123-229-7465,489-478-7608,person41@example.com,B-,Rodriguez
Person 42 Martinez,Other,White,1/23/1974,"1900 Pine St, City 26, State IL, 84947",179-667-8534,442-843-9668,person42@test.com,B+,Hernandez
Person 43 Hernandez,Non-binary,Native American,8/5/1989,"8668 Pine St, City 87, State CA, 50432",396-414-2215,393-377-4094,person43@demo.com,O-,Lopez
Person 44 Williams,Female,Middle Eastern,3/22/1978,"9854 Oak St, City 69, State IL, 82131",190-932-6736,558-221-4267,person44@mail.com,B+,Miller
Person 45 Smith,Female,Native American,4/23/1978,"7080 Maple St, City 87, State NC, 71170",522-443-7278,165-100-7941,person45@test.com,A+,Garcia
Person 46 Hernandez,Female,Mixed Race,4/24/1975,"2859 Main St, City 20, State GA, 91754",459-759-4789,899-122-3916,person46@example.com,B-,Martinez
Person 47 Johnson,Female,White,12/12/1977,"9033 Cedar St, City 19, State GA, 83182",592-529-5630,206-336-7501,person47@test.com,AB-,Garcia
Person 48 Smith,Other,Middle Eastern,1/17/1986,"7935 Elm St, City 69, State NC, 40845",154-581-5081,190-609-3441,person48@demo.com,O+,Wilson
Person 49 Williams,Male,Asian,6/7/1976,"7126 High St, City 19, State MI, 85593",671-188-5745,972-761-3543,person49@demo.com,AB+,Miller
Person 50 Garcia,Non-binary,Black,2/26/1977,"9842 Main St, City 72, State FL, 24286",434-204-7940,486-744-9490,person50@test.com,A-,Anderson
