Vehicle,Website,Favorite Color,Favorite Movie,Favorite Song,Favorite Book,Favorite Sports
2016 Hyundai Elantra,www.mysite.com,Red,Inception,Let it Be (by The Beatles),1984 (by George Orwell),Handball
2018 Jeep Wrangler,www.randomsite.com,Brown,The Matrix,Bohemian Rhapsody (by Queen),Moby-Dick (by Herman Melville),Soccer
2018 Jeep Wrangler,www.active.com,Red,The Dark Knight,Like a Rolling Stone (by Bob Dylan),Catching Fire (The Hunger Games),Golf
2019 Hyundai Elantra,www.mysite.com,Pink,Le professionnel(1981),I'm No Superman (Theme)(by Scrubs),Brave New World (by Aldous Huxley),Swimming
2018 Jeep Wrangler,www.coolwebsite.com,Blue,The Godfather,Smells Like Teen Spirit (by Nirvana),The Lord of the Rings (by J.R.R. Tolkien),Basketball
2018 Ford F-150,www.active.com,Red,Fight Club,Like a Rolling Stone (by Bob Dylan),1984 (by George Orwell),Basketball
2011 Jeep Wrangler,www.active.com,Pink,Le professionnel(1981),Stairway to Heaven (by Led Zeppelin),The Lord of the Rings (by J.R.R. Tolkien),Tennis
2012 Toyota Camry,www.bestsite.com,Green,The Godfather,Hey Jude (by The Beatles),Brave New World (by Aldous Huxley),Cycling
2017 Toyota Camry,www.mysite.com,Red,Le professionnel(1981),I'm No Superman (Theme)(by Scrubs),The Great Gatsby (by F. Scott Fitzgerald),Baseball
2017 Ford F-150,www.randomsite.com,Purple,The Dark Knight,Like a Rolling Stone (by Bob Dylan),Harry Potter and the Sorcerer's Stone (by J.K. Rowling),Football
2016 Chevrolet Malibu,www.personalblog.com,Yellow,The Shawshank Redemption,Like a Rolling Stone (by Bob Dylan),Harry Potter and the Sorcerer's Stone (by J.K. Rowling),Cycling
2016 Nissan Altima,www.facebook.com,Gold,Forrest Gump,Stairway to Heaven (by Led Zeppelin),To Kill a Mockingbird (by Harper Lee),Soccer
2015 Hyundai Elantra,www.mainsite.com,Brown,The Shawshank Redemption,Stairway to Heaven (by Led Zeppelin),Moby-Dick (by Herman Melville),Soccer
2011 Ford F-150,www.mysite.com,Purple,The Matrix,Hey Jude (by The Beatles),To Kill a Mockingbird (by Harper Lee),Swimming
2017 Jeep Wrangler,www.mainsite.com,Pink,The Matrix,Sweet Child O' Mine (by Guns N' Roses),1984 (by George Orwell),Football
2011 Ford F-150,www.randomsite.com,Purple,The Dark Knight,Hotel California (by Eagles),The Catcher in the Rye (by J.D. Salinger),Basketball
2018 Chevrolet Malibu,www.mysite.com,Red,Le professionnel(1981),Let it Be (by The Beatles),1984 (by George Orwell),Handball
2012 Jeep Wrangler,www.facebook.com,Red,The Shawshank Redemption,Smells Like Teen Spirit (by Nirvana),Moby-Dick (by Herman Melville),Handball
2014 Jeep Wrangler,www.coolwebsite.com,Brown,The Shawshank Redemption,Sweet Child O' Mine (by Guns N' Roses),The Great Gatsby (by F. Scott Fitzgerald),Football
2016 Ford F-150,www.bestsite.com,Purple,The Dark Knight,Stairway to Heaven (by Led Zeppelin),Pride and Prejudice (by Jane Austen),Swimming
2021 Hyundai Elantra,www.billing.com,Brown,The Godfather,Hey Jude (by The Beatles),Catching Fire (The Hunger Games),Basketball
2015 Honda Civic,www.bestsite.com,Pink,The Dark Knight,Hey Jude (by The Beatles),Harry Potter and the Sorcerer's Stone (by J.K. Rowling),Soccer
2014 Nissan Altima,www.mysite.com,Brown,The Dark Knight,Hotel California (by Eagles),Moby-Dick (by Herman Melville),Soccer
2015 Toyota Camry,www.billing.com,Green,Forrest Gump,Smells Like Teen Spirit (by Nirvana),1984 (by George Orwell),Tennis
2020 Nissan Altima,www.billing.com,Yellow,The Godfather,Bohemian Rhapsody (by Queen),Brave New World (by Aldous Huxley),Basketball
2016 Jeep Wrangler,www.coolwebsite.com,Gold,Fight Club,I'm No Superman (Theme)(by Scrubs),Harry Potter and the Sorcerer's Stone (by J.K. Rowling),Basketball
2010 Ford F-150,www.active.com,Orange,The Shawshank Redemption,Like a Rolling Stone (by Bob Dylan),The Lord of the Rings (by J.R.R. Tolkien),Golf
2020 Hyundai Elantra,www.active.com,Black,The Matrix,Like a Rolling Stone (by Bob Dylan),The Catcher in the Rye (by J.D. Salinger),Basketball
2016 Honda Civic,www.payment.com,Brown,Fight Club,I'm No Superman (Theme)(by Scrubs),1984 (by George Orwell),Football
2014 Nissan Altima,www.mainsite.com,Purple,The Godfather,Smells Like Teen Spirit (by Nirvana),To Kill a Mockingbird (by Harper Lee),Soccer
2013 Ford F-150,www.payment.com,Blue,The Godfather,Hey Jude (by The Beatles),1984 (by George Orwell),Basketball
2015 Honda Civic,www.bestsite.com,Gold,Forrest Gump,Imagine (by John Lennon),Catching Fire (The Hunger Games),Tennis
2013 Honda Civic,www.mainsite.com,Pink,Titanic,Bohemian Rhapsody (by Queen),1984 (by George Orwell),Football
2011 Honda Civic,www.mysite.com,Green,Pulp Fiction,Hotel California (by Eagles),The Catcher in the Rye (by J.D. Salinger),Basketball
2021 Nissan Altima,www.payment.com,Yellow,Le professionnel(1981),Stairway to Heaven (by Led Zeppelin),The Great Gatsby (by F. Scott Fitzgerald),Running
2021 Nissan Altima,www.facebook.com,Purple,The Matrix,Smells Like Teen Spirit (by Nirvana),Moby-Dick (by Herman Melville),Basketball
2010 Hyundai Elantra,www.personalblog.com,Brown,The Godfather,Like a Rolling Stone (by Bob Dylan),1984 (by George Orwell),Running
2018 Jeep Wrangler,www.coolwebsite.com,Gold,Pulp Fiction,I'm No Superman (Theme)(by Scrubs),Moby-Dick (by Herman Melville),Basketball
2015 Honda Civic,www.active.com,Gold,Forrest Gump,Hey Jude (by The Beatles),The Catcher in the Rye (by J.D. Salinger),Football
2017 Ford F-150,www.personalblog.com,Pink,The Godfather,Like a Rolling Stone (by Bob Dylan),1984 (by George Orwell),Football
2019 Ford F-150,www.mainsite.com,Gold,Titanic,Like a Rolling Stone (by Bob Dylan),Brave New World (by Aldous Huxley),Tennis
2016 Hyundai Elantra,www.payment.com,Pink,Fight Club,Hey Jude (by The Beatles),Harry Potter and the Sorcerer's Stone (by J.K. Rowling),Golf
2014 Chevrolet Malibu,www.mainsite.com,Yellow,Titanic,Let it Be (by The Beatles),1984 (by George Orwell),Tennis
2011 Chevrolet Malibu,www.billing.com,Blue,The Godfather,Imagine (by John Lennon),Brave New World (by Aldous Huxley),Swimming
2022 Nissan Altima,www.mysite.com,Yellow,Inception,Bohemian Rhapsody (by Queen),Moby-Dick (by Herman Melville),Football
2019 Ford F-150,www.mainsite.com,Yellow,The Dark Knight,Let it Be (by The Beatles),To Kill a Mockingbird (by Harper Lee),Swimming
2022 Honda Civic,www.billing.com,Gold,The Godfather,I'm No Superman (Theme)(by Scrubs),The Catcher in the Rye (by J.D. Salinger),Cycling
2016 Jeep Wrangler,www.mainsite.com,Red,The Godfather,Sweet Child O' Mine (by Guns N' Roses),Moby-Dick (by Herman Melville),Golf
2013 Nissan Altima,www.payment.com,Gold,Inception,Sweet Child O' Mine (by Guns N' Roses),To Kill a Mockingbird (by Harper Lee),Baseball
2019 Honda Civic,www.mysite.com,Green,The Shawshank Redemption,Sweet Child O' Mine (by Guns N' Roses),1984 (by George Orwell),Handball
